FRAME,TRACKID,COORD_X,COORD_Y
0,2,2433.540527,41.131916
0,-1,146.848984,107.669388
0,3,974.426636,223.30835
0,-1,257.185272,352.163483
0,-1,12.184549,363.270386
0,-1,176.118851,429.868866
0,-1,242.05278,534.66571
0,-1,12.566154,558.593872
0,4,1524.271118,699.886597
0,-1,15.688995,737.650696
0,5,469.933044,817.058594
0,-1,69.033485,903.290161
1,2,2454.834473,39.080883
1,-1,145.773941,107.597702
1,3,974.495789,223.671585
1,-1,12.361905,238.74762
1,-1,254.220551,351.957703
1,-1,12.662337,364.199127
1,-1,245.072388,536.380676
1,-1,12.379311,558.853455
1,4,1525.383301,699.132141
1,-1,15.428572,738.73877
1,5,470.012451,816.507263
1,-1,70.255272,904.318542
2,2,2481.391113,38.041451
2,-1,12.485714,54.195236
2,3,979.011963,226.309814
2,-1,247.129364,350.737762
2,-1,12.583333,364.476196
2,-1,177.690994,430.566528
2,-1,242.642685,536.970215
2,-1,12.604791,559.371277
2,4,1525.129272,699.298462
2,5,469.591187,815.71106
2,-1,72.051018,906.083679
3,2,2491.945068,39.997108
3,-1,11.613526,54.024155
3,-1,146.93103,107.497536
3,3,975.147949,224.253784
3,-1,12.637614,238.091736
3,-1,243.254242,350.698303
3,-1,12.6,364.914276
3,-1,176.436752,418.971375
3,-1,239.622345,538.529236
3,-1,12.621622,559.210205
3,4,1525.224854,699.125549
3,-1,15.516129,738.327209
3,5,467.385284,816.585938
3,-1,69.103523,903.45813
3,-1,64.518669,976.153503
4,2,2500.987305,37.416405
4,-1,11.894231,54.076923
4,-1,144.931366,107.269608
4,3,976.391235,224.801086
4,-1,12.45098,238.34314
4,-1,241.512985,351.620117
4,-1,12.609054,363.880646
4,-1,233.257935,538.872986
4,-1,12.896,555.432007
4,4,1525.121948,698.537048
4,-1,15.969298,739.517517
4,5,467.28772,815.904114
4,-1,70.53463,904.688293
5,2,2506.405518,39.084084
5,-1,11.79902,53.92157
5,3,975.628235,224.313034
5,-1,12.299066,238.481308
5,-1,236.426468,351.143372
5,-1,13.266376,364.615723
5,-1,177.859726,428.936646
5,-1,235.491638,537.578613
5,-1,13.705394,555.373474
5,4,1525.04248,699.223999
5,-1,15.300429,737.841187
5,5,467.568909,815.132629
5,-1,68.866524,903.048157
6,2,2525.065186,38.630436
6,-1,142.464691,107.669144
6,3,975.957092,224.325638
6,-1,12.53917,238.829498
6,-1,236.202621,352.379089
6,-1,12.842794,364.991272
6,-1,245.907623,533.927734
6,-1,12.435673,559.049683
6,4,1523.25061,700.208435
6,-1,15.946188,738.860962
6,5,468.321503,814.264709
6,-1,70.063202,903.830688
7,2,2536.969238,39.249043
7,-1,11.166667,50.763889
7,3,976.096924,224.414093
7,-1,229.47641,352.3302
7,-1,13.050692,364.046082
7,-1,179.786362,436.377258
7,-1,244.796539,532.883118
7,-1,12.353623,559.536255
7,4,1525.196899,699.064209
7,-1,15.168777,739.210999
7,5,465.864899,815.392578
7,-1,72.016594,906.10791
8,2,2544.5,41.373207
8,-1,11.07011,50.247234
8,-1,146.647064,106.278435
8,3,976.531433,224.744949
8,-1,12.383084,238.313431
8,-1,228.182159,352.568787
8,-1,12.751055,364.35022
8,-1,242.736313,532.965149
8,-1,12.58,559.414307
8,4,1524.521118,698.343384
8,-1,15.81132,738.22168
8,5,464.427795,815.925049
8,-1,68.149323,902.58374
9,2,2549.328613,42.761219
9,-1,12.15196,54.004902
9,-1,143.934265,109.201881
9,3,975.500549,224.041626
9,-1,12.588235,238.642151
9,-1,221.578949,354.157898
9,-1,12.852018,364.80719
9,-1,175.417068,417.677734
9,-1,12.518072,559.216858
9,4,1525.430176,700.336182
9,-1,14.661765,739.099243
9,5,463.452393,815.890686
9,-1,69.085571,902.606384
10,2,2554.482666,44.185535
10,-1,146.629028,107.6371
10,3,976.659851,225.153061
10,-1,15.383886,238.805695
10,-1,15.213675,364.504272
10,-1,177.269592,430.166138
10,-1,15.21902,559.668579
10,4,1525.693848,701.001526
10,-1,18.983051,739.199158
10,5,463.075653,815.502808
10,-1,72.797501,906.967529
10,-1,72.309624,972.447693
11,2,2561.996582,43.948589
11,-1,142.250916,107.339485
11,3,976.586792,224.842102
11,-1,22.719999,238.297775
11,-1,22.172285,364.898865
11,-1,23.719845,554.945496
11,4,1528.223999,701.831177
11,-1,27.6789,738.710999
11,5,464.458893,814.378906
11,-1,69.280205,903.020569
11,-1,72.679825,972.232483
12,2,2569.295654,44.290321
12,-1,141.577118,110.422882
12,3,976.861633,224.976379
12,-1,34.355103,238.820404
12,-1,32.880547,365.583618
12,-1,34.150795,554.952393
12,-1,1487.942139,673.223145
12,4,1532.216187,702.945374
12,-1,37.380074,739.985229
12,5,462.210754,814.700684
12,-1,70.634613,905.098267
13,2,2582.992676,44.294544
13,3,979.634949,226.600739
13,-1,47.598129,364.369171
13,-1,46.413334,559.621338
13,-1,1490.183838,674.790527
13,4,1536.130005,703.529419
13,-1,51.561085,735.20813
13,-1,474.619263,802.233765
13,5,439.57193,833.115112
13,-1,74.889229,907.326172
14,2,2601.06665,44.594296
14,-1,140.422379,107.386284
14,3,975.273499,224.041672
14,-1,62.695278,229.124466
14,-1,64.05909,353.736359
14,-1,216.604538,360.654541
14,6,222.655075,531.849304
14,-1,71.922905,554.455933
14,4,1509.733032,686.917114
14,5,440.323364,832.535339
14,-1,3240.455566,897.673279
15,2,2610.670898,44.951412
15,-1,3240.024414,44.191837
15,-1,75.412811,52.58363
15,-1,139.866913,107.334602
15,-1,71.347221,219.430557
15,3,978.099548,225.856476
15,-1,72.044899,345.10611
15,-1,217.15451,360.07724
15,6,227.814255,530.768921
15,-1,74.039215,558.264709
15,4,1507.96228,685.716248
15,-1,76.330399,718.013245
15,5,441.021423,831.976196
15,-1,3239.969482,898.353699
16,2,2626.194824,49.420288
16,-1,77.448982,45.065308
16,-1,3238.494629,43.880867
16,-1,141.391129,108.733871
16,3,974.938477,224.011658
16,-1,216.732452,360.451752
16,6,238.649551,528.010559
16,-1,80,560.215027
16,4,1507.768555,685.619812
16,5,446.603119,826.733093
16,-1,3239.612549,898.438721
17,-1,3235.739502,41.423256
17,2,2639.302734,50.077641
17,-1,142.294647,108.508926
17,3,976.536743,224.729965
17,-1,3242.304932,250
17,-1,3243.093994,360.410889
17,-1,217.743362,361.137177
17,6,244.677551,526.428223
17,-1,92.004547,560.10907
17,4,1511.0271,687.564453
17,-1,3240.945312,783.815918
17,5,448.349762,824.187988
17,-1,3239.628906,898.269531
18,-1,3238.185303,45.595505
18,2,2647.67749,47.656372
18,-1,142.14415,109.310814
18,3,979.265442,226.356369
18,-1,218.345627,361.290314
18,6,248.05658,525.357971
18,-1,3242.441162,533.684875
18,4,1510.879272,687.401611
18,-1,3239.344482,784.540649
18,5,467.68692,820.803711
18,-1,3239.20166,898.420166
19,-1,3236.669434,45.948925
19,2,2654.027832,42.692547
19,-1,141.475403,108.897537
19,3,981.782104,227.882675
19,-1,3242.407471,248.895737
19,-1,219.293579,361.412842
19,-1,150.719864,412.530945
19,6,247.111252,525.723083
19,4,1508.186401,685.47644
19,-1,3239.948486,786.165466
19,-1,465.395111,822.341492
19,5,485.77536,836.678772
19,-1,3239.570801,897.463623
19,-1,3163.463379,1015.434143
20,-1,3237.286621,42.150539
20,2,2652.864746,41.618618
20,-1,142.384293,109.809914
20,3,985.949158,229.957626
20,-1,225.342545,360.168518
20,6,246.686981,525.663513
20,4,1512.14624,688.550842
20,5,491.94278,842.018066
20,-1,3239.92041,897.747803
21,2,2654.077148,41.363972
21,-1,3237.325195,41.983936
21,-1,141.429688,107.140625
21,3,989.193237,232.184265
21,-1,226.211639,359.997345
21,6,237.354553,527.784363
21,4,1514.868042,682.13092
21,-1,3239.955322,785.191956
21,5,503.722687,849.564758
21,-1,3240.060059,898.072021
22,2,2653.948486,40.864952
22,-1,141.677719,108.957344
22,3,992.046326,233.962967
22,-1,226.600525,360.235443
22,-1,3243.01416,531.96698
22,6,242.993851,526.280457
22,4,1514.446045,678.872986
22,5,502.794586,846.08844
22,-1,3239.734131,898.503967
23,-1,3239.156738,45.81818
23,2,2667.019043,42.723808
23,-1,140.590775,108.07077
23,3,990.389587,235.071426
23,-1,225.273712,360.71817
23,-1,144.680771,427.334625
23,6,242.591721,526.349121
23,4,1513.994873,678.546021
23,5,505.506836,846.005493
23,-1,3239.625,898.1875
24,-1,3236.048096,44.282486
24,2,2683.051758,41.525822
24,-1,142.438019,109.446281
24,3,990.689209,232.443069
24,-1,224.247162,360.707489
24,-1,142.240738,420.879639
24,-1,177.5,430
24,6,240.68428,526.959778
24,4,1515.708496,682.120239
24,5,512.963989,850.043823
24,-1,3239.987793,898.204895
25,2,2708.602539,40.97541
25,-1,3236.426025,42.752579
25,-1,148.170731,106.457314
25,3,982.19928,228.467941
25,-1,219.439331,360.050201
25,6,251.093689,524.718933
25,-1,212.280334,533.096252
25,4,1520.322388,682.361633
25,5,518.67572,851.428101
25,-1,3239.852539,897.928284
26,2,2714.253174,39.860264
26,-1,3239.655273,44.803448
26,-1,152.9505,103.960396
26,3,983.950439,228.868423
26,6,256.723724,523.394958
26,-1,211.814819,533.65741
26,4,1520.351685,682.451294
26,-1,11.102804,739.149536
26,5,521.14917,851.598328
26,-1,3239.818115,898.322327
27,2,2718.353516,39.046429
27,-1,3239.724121,42.172413
27,-1,147.902527,105.321297
27,3,984.925232,228.940765
27,-1,16.772358,364.853668
27,6,260.004822,522.108154
27,-1,210.985916,533.915466
27,-1,17.008928,555.075867
27,4,1519.525146,681.864929
27,-1,18.550926,738.71759
27,5,523.773987,851.840759
27,-1,3240.038086,898.220337
27,-1,22.569445,990.893494
28,2,2724.587158,40.850201
28,-1,146.173752,105.471039
28,-1,970.561646,219.657532
28,3,991.444702,233.638824
28,-1,24.171171,238.189194
28,-1,26.007692,364.473083
28,6,255.037735,523.507324
28,-1,211.47934,533.252075
28,-1,27.422924,555.256897
28,4,1516.898682,680.01794400000006
28,-1,29.622318,740.158813
28,5,529.082764,854.021606
28,-1,3240.310059,898.909973
28,-1,32.544601,991.427246
29,2,2734.503662,41.47163
29,3,984.57489,228.786026
29,-1,35.256756,237.779282
29,-1,37.527557,366.007874
29,6,263.188141,521.954712
29,-1,213.988724,531.473694
29,-1,38.607758,554.495667
29,4,1518.970337,683.22522
29,-1,40.261681,739.084106
29,5,528.883789,851.256897
29,-1,42.467999,991.848022
30,2,2798.763184,51.663742
30,3,983.613647,228.941757
30,-1,46.577358,237.4151
30,6,267.990143,520.423645
30,-1,216.40834,531.436096
30,-1,48.768597,554.632202
30,4,1520.584595,692.163452
30,-1,50.927967,737.974548
30,5,531.645264,851.547363
30,-1,51.439129,990.391296
31,2,2822.660156,52.053425
31,3,983.762573,228.429703
31,6,232.81012,410.261597
31,-1,280.902649,517.048645
31,-1,217.160522,531.718445
31,-1,60.357723,554.471558
31,4,1518.949097,704.625427
31,5,537.452271,853.684692
31,-1,59.047211,891.703857
32,2,2844.668213,49.922749
32,-1,70.935783,53.35321
32,3,985.52948,229.53093
32,6,237.283661,411.97995
32,-1,214.829575,528.212219
32,-1,74.649055,554.079224
32,4,1516.846436,706.747009
32,5,541.941895,852.454102
32,-1,69.967155,901.543823
32,-1,3154.909912,941.423401
32,-1,75.305756,973.453247
33,2,2843.164551,52.456066
33,3,985.050842,229.345291
33,6,246.878845,416.61602799999997
33,-1,219.006622,521.81018099999994
33,-1,84.867996,558.151978
33,4,1519.085571,706.003906
33,5,550.940308,853.570923
33,-1,73.91523,908.164856
33,-1,3156.42334,942.176758
33,-1,67.485001,977.955017
34,2,2850.611572,50.592266
34,3,985.500671,229.375168
34,6,258.928101,413.748352
34,-1,216.055878,515.044128
34,4,1519.425171,705.521362
34,5,558.600769,853.93811
34,-1,72.259048,908.076172
34,-1,73.568077,974.295776
35,2,2853.132568,49.60424
35,3,985.501404,229.751404
35,6,271.170258,418.799988
35,-1,216.216568,513.471313
35,-1,1514.714233,676.158325
35,4,1521.373779,704.507019
35,5,569.303894,853.24115
35,-1,71.383591,906.694641
35,-1,69.543266,977
36,2,2857.084961,48.508297
36,3,988.423767,231.129425
36,6,286.223999,419.35733
36,-1,221.427032,516.272522
36,4,1519.171143,694.311157
36,5,578.22052,853.512573
36,-1,70.692307,904.393677
36,-1,68.109093,977.504517
37,2,2882.598877,50.0625
37,-1,952.707947,209.783188
37,3,995.388489,234.359711
37,6,309.20282,419.112671
37,-1,217.217651,512.782349
37,4,1518.75,694.410095
37,5,591.925537,854.826294
37,-1,71.150215,905.435608
38,2,2911.85083,48.008476
38,-1,963.813171,216.509155
38,3,995.413391,233.976379
38,6,319.43042,420.135925
38,-1,216.426041,512.431946
38,4,1517.619263,693.290771
38,5,596.292236,855.96344
38,-1,69.245049,902.727722
39,2,2930.287354,48.438202
39,3,973.866089,223.200256
39,6,325.704071,420.224335
39,-1,217.521866,512.568542
39,4,1517.937744,694.502014
39,-1,544.019897,839.189026
39,5,601.780823,857.237427
39,-1,68.322578,902.709656
40,2,2943.208252,47.651234
40,3,973.742493,223.551254
40,6,329.578644,418.980591
40,-1,218.425079,512.278259
40,4,1518.543091,694
40,5,589.164001,850.747375
40,-1,69.940475,903.780945
41,2,2951.708252,48.203468
41,3,974.414307,224.342728
41,6,335.376984,419.706543
41,-1,216.936905,512.482666
41,4,1518.028442,695.480408
41,-1,572.795227,841.102417
41,5,612.637207,858.727905
41,-1,69.24324,904.2453
41,-1,68.741295,977.965149
42,2,2960.730469,47.739876
42,3,976.293518,224.856155
42,6,338.092651,419.419617
42,-1,225.791412,517.394653
42,4,1551.741089,701.667969
42,-1,577.409912,842.020325
42,5,617.869568,859.282593
42,-1,71.685188,906.10083
43,2,2966.257568,48.574852
43,3,976.042175,224.305222
43,6,341.002594,419.623383
43,-1,226.396469,517.299561
43,4,1559.201294,700.40741
43,-1,3.816092,737.90802
43,-1,581.653137,842.1651
43,5,623.65509,858.664551
43,-1,68.934387,903.006775
43,-1,4.703786,983.120239
44,2,2983.924561,47.543171
44,-1,13.116505,53.873787
44,3,974.059998,223.384216
44,-1,13.975904,364.903625
44,-1,175.699524,421.333344
44,6,343.416656,418.827789
44,-1,14.048022,560.06781
44,4,1584.597168,703.088806
44,-1,17.342308,739.66156
44,5,606.891846,848.467285
44,-1,68.678574,903.125
45,2,2992.26416,46.875416
45,-1,141.632141,107.310715
45,3,974.92041,223.965591
45,-1,23.985075,239.621887
45,-1,24.125984,364.791351
45,6,346.505951,418.836304
45,-1,25.356558,554.881165
45,4,1611.080078,702.350098
45,-1,28.4,740.327271
45,5,609.961365,847.932068
45,-1,70.191582,903.835815
46,2,3001.909424,46.416981
46,-1,141.754807,109.682693
46,3,976.370605,224.778534
46,-1,35.517647,238.133331
46,-1,35.283783,364.685822
46,6,350.020111,418.724152
46,-1,36.960316,554.718262
46,4,1640.26355,703.976624
46,5,618.143372,848.817932
46,-1,71.553574,906.303589
46,-1,41.528038,967.892517
47,2,3013.92334,45.744465
47,-1,140.950455,108.558556
47,3,976.771606,224.86586
47,-1,48.179245,239.05661
47,-1,47.933651,364.601898
47,-1,150.908737,407.650787
47,6,353.473511,419.498444
47,-1,48.102768,554.442688
47,4,1662.573364,703.873413
47,5,619.357666,847.559814
47,-1,76.39344,910.696716
48,2,3026.974365,46.457039
48,-1,141.686951,109.765221
48,3,976.036194,224.157608
48,-1,59.522728,232.018188
48,-1,59.898148,357.972229
48,6,356.238403,418.718262
48,-1,221.574265,515.396057
48,-1,59.459351,554.451233
48,4,1668.737183,700.93518099999994
48,-1,63.004131,732.797546
48,5,629.507141,849.646667
49,-1,3238.748535,46.68935
49,2,3037.678467,46.17844
49,-1,141.120575,107.166664
49,-1,77.334999,210.309998
49,3,976.910217,224.975006
49,-1,78.576744,333.688385
49,6,359.275238,418.822632
49,-1,234.696487,523.325867
49,-1,77.483627,559.80603
49,4,1701.90271,702.807861
49,5,635.943848,849.54455599999994
49,-1,3239.72168,897.177429
50,-1,3238.368164,45.588406
50,2,3042.483154,45.53479
50,-1,80.24324,43.968468
50,-1,140.489578,108.107635
50,3,975.737915,224.514252
50,6,361.278198,417.568909
50,-1,236.277863,524.080261
50,-1,83.025238,560.899048
50,4,1720.114502,701.621521
50,-1,3239.760986,785.261047
50,5,643.030518,850.131897
50,-1,3239.225098,900.380005
51,2,3047.124023,45.034782
51,-1,3237.723145,42.468636
51,-1,141.478912,105.981926
51,3,977.030151,224.963135
51,-1,3242.737061,251.328644
51,6,364.438293,416.272034
51,-1,239.94606,526.046997
51,-1,93.615723,559.235779
51,4,1725.446777,700.785889
51,5,654.449036,851.891907
51,-1,3239.817871,897.509338
52,2,3055.098633,41.146667
52,-1,3238.133545,44.664688
52,-1,139.426941,105.62751
52,3,978.94751,226.201675
52,-1,3242.022217,245.21933
52,6,369.069305,417.433167
52,-1,237.984085,525.02893099999994
52,4,1730.90332,701.794861
52,-1,3240.059082,784.573853
52,5,648.363403,849.337463
52,-1,3239.817139,897.476624
53,2,3057.273926,42.02491
53,-1,3237.212402,44.330383
53,-1,140.265121,108.144188
53,-1,3241.815918,215.462265
53,3,982.333313,227.938629
53,-1,146.550354,411.269775
53,6,376.406403,418.441162
53,-1,240.560791,526.551636
53,4,1730.345093,700.187927
53,-1,3240.407471,784.203796
53,5,658.261658,851.15155
53,-1,3239.714844,898.018982
54,-1,3237.441162,42.540924
54,2,3058.102295,42.279068
54,-1,142.228302,106.045013
54,-1,3242.222412,233.375
54,3,985.31665,229.60582
54,6,380.398987,416.831207
54,-1,237.908707,524.94104
54,-1,3242.354248,530.846436
54,4,1738.216797,700.443848
54,5,655.511475,849.056213
54,-1,3239.836182,897.601746
55,2,3237.193848,42.903099
55,-1,141.083328,105.869049
55,3,988.532898,231.619965
55,6,388.811432,419.271423
55,-1,235.553391,523.499268
55,4,1749.888794,700.48205599999994
55,5,661.953003,848.950623
55,-1,3239.887451,897.803223
56,2,3238.775146,46.19453
56,3,991.816833,233.948944
56,-1,142.566269,422.449799
56,6,392.95871,419.678467
56,-1,240.126938,526.216309
56,4,1750.831787,698.779236
56,-1,3239.736328,785.807556
56,5,665.677673,849.139343
56,-1,3239.750977,898.03894
57,2,3238.651367,41.214287
57,-1,140.991028,109.614349
57,3,992.521301,235.095749
57,-1,3242.445557,250.485153
57,6,393.464935,418.662323
57,-1,236.385941,524.47345
57,4,1750.811646,699.625732
57,5,674.460876,850.387634
57,-1,3239.921875,897.683594
58,2,3238.385986,42.099586
58,-1,143.156464,106.431976
58,3,994.189453,234.061676
58,6,398.770142,418.844788
58,-1,237.349243,524.838989
58,4,1754.519897,700.464783
58,5,681.439087,850.496216
58,-1,3239.801514,898.360352
59,2,3237.082764,42.632233
59,-1,144.598358,108.766396
59,3,982.554932,228.21022
59,6,400.126617,415.803619
59,-1,144.133972,421.287079
59,-1,238.777634,525.773865
59,4,1767.693726,703.292297
59,5,695.293945,852.890686
59,-1,3240.013428,897.431091
60,2,3238.112061,42.69112
60,-1,147.029099,108.243637
60,-1,970.218018,219.981049
60,3,989.86615,232.545013
60,6,400.689301,413.694519
60,-1,239.162048,526.451904
60,4,1800.698486,704.540527
60,5,701.303406,852.749207
60,-1,3239.800781,897.880493
61,2,3240.444824,43.872883
61,-1,3094.479248,41.587502
61,3,983.176392,227.470856
61,-1,15.857142,365.179718
61,6,402.07077,409.476929
61,-1,253.773865,533.896973
61,-1,15.817797,555
61,4,1840.840332,703.872192
61,-1,18.077221,740.254822
61,5,712.860718,853.219116
61,-1,3239.75,897.81897
61,-1,21.209524,991.233337
62,3,984.305847,229.121506
62,-1,25.228855,237.72139
62,-1,27.147482,364.244598
62,6,407.095947,409.606049
62,-1,251.014923,532.596985
62,-1,29.054264,554.899231
62,4,1861.404907,707.266663
62,-1,29.870192,739.03363
62,5,726.10907,854.337219
62,-1,3240.144775,898.108582
62,-1,33.108109,991.432434
63,3,984.676514,229.520401
63,-1,37.393257,364.067413
63,6,413.394623,410.165924
63,-1,217.77536,514.822449
63,-1,253.501434,534.252136
63,-1,39.088982,554.894043
63,4,1857.098022,704.393738
63,-1,40.393806,738.261047
63,5,732.818787,854.273499
63,-1,43.035088,991.618408
64,-1,46.447182,48.038731
64,3,984.531311,228.760773
64,-1,48.935116,362.812988
64,6,421.18573,410.55722
64,-1,218.26973,513.667786
64,-1,49.688213,554.48291
64,-1,1840.994995,695.905029
64,4,1866.357666,706.840027
64,5,740.062073,853.742065
64,-1,51.409283,990.481018
65,3,983.633972,228.785919
65,6,427.88327,411.031128
65,-1,221.60614,515.849121
65,-1,60.669456,554.556458
65,4,1859.75293,704.810059
65,5,749.908447,854.298035
65,-1,59.034634,891.948059
65,-1,62.104168,984.125
66,-1,71.972603,53.401825
66,3,984.219238,229.057053
66,6,440.311768,410.658813
66,-1,224.699158,517.281799
66,-1,76.788139,554.008484
66,4,1859.321411,704.633728
66,5,766.244385,854.216858
66,-1,71.105621,902.821106
66,-1,76.902023,971.652039
67,3,984.498535,228.816711
67,6,445.190826,411.017181
67,-1,225.673813,517.819763
67,4,1860.235352,704.192017
67,5,775.469727,854.158386
67,-1,78.831718,920.234863
68,3,985.897888,230.127655
68,6,450.477875,411.911499
68,-1,224.105499,517.633057
68,4,1865.918457,707.228455
68,5,785.733826,854.931702
68,-1,75.074913,913.00177
68,-1,3085.027588,982.885376
69,3,985.298889,230.117645
69,6,454.164948,411.891754
69,-1,228.03334,519.8255
69,4,1859.899414,704.603821
69,5,798.205994,855.054321
69,-1,71.636002,906.026001
69,-1,3081.145752,986.413574
70,3,990,231.714005
70,6,460.063477,412.413391
70,-1,227.266937,519.466125
70,4,1859.717407,704.635925
70,5,811.756653,854.159668
70,-1,68.66745,902.974243
70,-1,3074.783203,986.354675
71,3,993.205811,233.577835
71,6,463.105896,411.810089
71,-1,226.320831,518.674988
71,4,1866.602661,707.173828
71,5,822.731506,855.037842
71,-1,69.252083,904.047913
71,-1,66.079437,977.691589
72,-1,3093.603271,45.634922
72,-1,961.09552,214.407639
72,3,994.963135,234.385239
72,6,469.405975,410.646759
72,-1,222.35585,515.376648
72,4,1876.541992,707.367737
72,5,853.42419400000006,852.543457
72,-1,70.204002,905.200012
72,-1,3078.165283,987.830505
73,-1,3092.146484,44.218067
73,3,973.71228,223.753555
73,6,474.961273,411.042267
73,-1,222.99411,524.005859
73,-1,1816.079102,688.879761
73,4,1882.690186,707.817078
73,5,880.761963,851.181519
73,-1,70.917648,904.303528
74,-1,3086.564941,47.775002
74,3,973.631775,223.379059
74,6,477.128235,410.896027
74,-1,224.571869,534.44342
74,-1,1836.980225,690.763184
74,4,1882.111938,707.796631
74,5,896.238831,850.335022
74,-1,71.037361,904.916504
75,3,974.69928,224.273895
75,6,480.54422,410.811218
75,-1,227.398758,538.859802
75,-1,1836.505249,690.885681
75,4,1884.0448,708.248779
75,5,909.566895,848.885376
75,-1,71.221077,905.522705
75,-1,3076.453125,989.175781
76,-1,3090.960449,43.257427
76,3,976.2677,224.631042
76,6,484.302673,411.259186
76,-1,236.625244,536.50293
76,4,1863.553223,691.799988
76,5,924.641113,848.585876
76,-1,69.839645,903.601318
76,-1,3075.595215,988.817139
77,-1,3083.547119,47.915253
77,3,976.29919400000006,224.65242
77,-1,3.429688,238.113281
77,-1,4.233552,362.825653
77,6,486.743988,411.058411
77,-1,178.717941,433.662384
77,-1,236.666672,537.670654
77,-1,4.717172,558.299683
77,4,1849.124756,697.889771
77,-1,6.230769,740.769226
77,5,944.204224,849.680725
77,-1,69.256409,903.602539
77,-1,8.600806,990.020142
77,-1,3076.81543,988.383789
78,-1,3083.431641,47.497643
78,-1,8.692053,50.324505
78,3,975.929138,224.263901
78,-1,11.372197,239.156952
78,-1,11.613445,365.012604
78,6,489.448975,410.42688
78,-1,11.781818,559.090881
78,4,1847.431519,687.65155
78,-1,15.149797,739.45343
78,5,962.233215,846.954041
78,-1,69.704819,904.78717
78,-1,18.678217,989.752502
78,-1,3076.230957,988.417236
79,-1,3083.921387,47.602821
79,3,977.912415,225.580643
79,-1,20.760683,237.752136
79,-1,20.738007,364.800751
79,6,490.973907,409.823822
79,-1,175.039062,428.699219
79,-1,21.795082,555.282776
79,4,1846.276733,685.340881
79,-1,24.460377,740.437744
79,5,971.86145,843.769592
79,-1,68.797134,903.221313
79,-1,3076.527832,988.420044
80,-1,3083.64624,48.136265
80,-1,142.819443,109.828705
80,3,976.141724,224.566971
80,-1,31.612068,239.344833
80,-1,32.770493,365.922119
80,6,495.146973,409.63681
80,-1,33.508621,554.853455
80,4,1843.836304,687.464661
80,-1,36.948498,739.051514
80,5,984.135437,840.710083
80,-1,70.22065,904.937256
80,-1,3076.029785,988.149231
81,-1,3082.574707,49.462135
81,-1,141.047623,106.321426
81,3,976.978882,225.073257
81,-1,43.422222,238.666672
81,-1,44.410137,363.861755
81,6,497.920349,409.810608
81,-1,43.319065,554.7276
81,4,1843.281006,686.79455599999994
81,-1,47.237209,740.176758
81,5,991.590698,839.308838
81,-1,74.557549,907.943726
81,-1,3076.077637,988.672302
82,-1,3080.884033,53.440834
82,-1,139.033005,107.006599
82,3,975.357239,224.011597
82,-1,55.133827,232.825272
82,-1,55.369862,360.246582
82,6,500.943298,409.039703
82,-1,55.771534,554.640442
82,4,1840.721558,688.5
82,-1,60.069263,734.593079
82,5,1005.108154,839.260742
82,-1,78.699997,912.06073
82,-1,66.794121,980.862732
82,-1,3075.907959,988.167236
83,-1,3088.901611,51.831966
83,-1,73.051514,52.548485
83,-1,139.869751,109.701683
83,3,979.031738,226.269409
83,-1,65.695854,227.755768
83,-1,66.184837,352.061615
83,6,503.364014,408.506012
83,-1,234.91864,543.585327
83,-1,73.535965,554.375854
83,4,1838.026611,689.579834
83,-1,71.103775,724.94812
83,5,1017.499329,842.633179
83,-1,3240.336426,898.213257
83,-1,3075.349609,988.45105
84,-1,140.912277,107.435089
84,-1,77.550217,208.899567
84,3,977.164795,225.06459
84,-1,78.296295,334.569458
84,6,506.978088,407.717773
84,-1,3242.814697,533.027771
84,-1,238.154465,541.026428
84,-1,76.649086,560.14679
84,4,1838.08374,686.964111
84,5,1019.120667,840.460632
84,-1,3239.979492,898.704895
85,-1,3237.300293,42.57613
85,-1,3091.708496,49.472324
85,-1,140.726822,109.736588
85,3,976.872498,224.992233
85,-1,3242.253174,232.609024
85,6,511.923279,407.356171
85,-1,247.683105,535.281677
85,-1,92.995453,559.836365
85,4,1836.104126,684.267822
85,5,1022.045837,838.415222
85,-1,3239.976074,898.099976
85,-1,3075.510498,988.059448
86,-1,3237.605957,45.339394
86,-1,3084.51416,51.293171
86,-1,140.66803,110.762299
86,3,978.625732,225.901749
86,6,512.673096,407.438263
86,-1,250.738541,532.904297
86,4,1831.886475,692.003906
86,-1,3239.969727,784.81897
86,5,1023.312927,837.267273
86,-1,3239.625,897.516113
86,-1,3074.376465,988.158997
87,-1,3237.543945,42.521072
87,-1,3084.650879,49.55294
87,-1,140.422913,110.070488
87,-1,3242.097168,216.152771
87,3,983.285095,228.663223
87,6,514.962524,406.316681
87,-1,243.224518,537.923584
87,4,1838.253418,685.55719
87,-1,3240.213867,784.74884
87,5,1019.963074,832.791504
87,-1,3239.772461,898.254883
87,-1,3074.99585,988.67218
88,-1,3238.30957,46.581219
88,-1,3090.562988,46.747799
88,-1,141.846161,108.819008
88,3,986.466675,230.340347
88,6,517.689026,405.519012
88,-1,244.590271,535.051392
88,4,1855.466187,689.900085
88,-1,3240.178223,784.265198
88,5,1019.449158,830.574036
88,-1,3074.367432,989.367493
89,-1,3236.096436,42.650604
89,-1,3092.109863,46.364262
89,-1,142.204086,106.391159
89,3,990.647339,233.355164
89,6,517.314514,406.252014
89,-1,245.616104,533.158386
89,4,1863.772217,693.104126
89,5,1022.844299,830.679016
89,-1,3239.733643,898.389954
89,-1,3074.388428,989.486633
90,-1,3235.528564,41.563877
90,-1,3080.19043,42.845238
90,-1,140.244003,108.143997
90,3,991.786804,234.404388
90,6,526.767761,404.434418
90,-1,243.874069,534.226685
90,4,1866.452271,691.743896
90,5,1029.518433,834.670898
90,-1,3239.41626,898.640808
90,-1,3071.739014,989.265198
91,-1,3235.818604,42.825623
91,-1,3081.883057,43.051949
91,-1,141.571426,108.871429
91,3,991.483459,235.337753
91,6,523.675049,403.57254
91,-1,243.795975,534.734192
91,4,1880.598755,692.195618
91,5,1036.555298,839.447144
91,-1,3239.796143,898.142334
91,-1,3071.760498,986.520752
92,-1,3238.621826,46.426933
92,-1,3086.300049,43.654999
92,-1,142.177567,108.09346
92,-1,3242.722168,233.374268
92,3,989.162109,230.804947
92,6,526.226074,403.06131
92,-1,244.953979,532.574646
92,4,1935.891846,697.287292
92,5,1043.083374,844.06012
92,-1,3239.827637,898.050415
92,-1,3071.318359,985.395935
93,-1,3239.013428,41.830357
93,-1,146.827591,107.413795
93,3,980.78833,227.032257
93,6,526.30188,401.993256
93,-1,142.410004,421.470001
93,-1,244.279709,533.01239
93,4,1965.100952,695.243042
93,5,1058.152466,851.076233
93,-1,3239.893066,898.456787
93,-1,3073.117676,985.6875
94,-1,148.613541,107.549797
94,3,982.996582,228.323074
94,6,530.642456,400.766357
94,-1,258.705383,521.44397
94,-1,225.321106,548.636108
94,4,1971.804199,692.391663
94,5,1077.262695,849.569153
94,-1,3239.963623,897.882568
95,-1,146.297562,106.951218
95,3,984.869995,229.304291
95,6,533.032166,399.392853
95,-1,256.617523,523.317993
95,-1,225.67099,547.896118
95,4,1983.394165,697.373169
95,-1,13.827103,738.640198
95,5,1089.360229,849.52179
95,-1,3239.792725,898.195129
96,-1,3101.60083,43.715416
96,-1,149.389832,105.847458
96,3,984.714661,228.834961
96,-1,17.918919,364.830109
96,6,533.847778,399.268402
96,-1,247.318115,530.18811
96,-1,18.991903,555.04455599999994
96,4,1998.09729,696.007935
96,-1,20.55242,739.016113
96,5,1098.751099,848.270508
96,-1,3240.092773,897.409302
96,-1,3074.868408,985.60907
96,-1,23.982759,991.323303
97,-1,3239.830811,46.36232
97,-1,147.785004,104.639999
97,3,984.761353,229.095169
97,-1,30.1,238.095657
97,-1,31.112404,365.077515
97,6,538.638428,397.615509
97,-1,259.334747,520.734741
97,-1,222.777222,548.504944
97,-1,33.344444,554.588867
97,4,2005.473145,692.628784
97,-1,34.31739,738.33044400000006
97,5,1107.874634,847.546448
97,-1,3240.533936,898.432068
97,-1,37.634853,991.916992
98,-1,3117.695557,52.424946
98,3,983.741699,228.601028
98,-1,45.295357,237.822784
98,-1,46.395603,362.24176
98,6,539.545471,397.192841
98,-1,242.752258,533.914001
98,-1,47.823292,554.570251
98,4,2010.255493,689.772034
98,5,1116.944092,846.108582
98,-1,3077.210205,982.97345
98,-1,49.449341,990.656372
99,-1,48.063107,53.635921
99,3,985.203918,228.888275
99,-1,52.559525,237.611115
99,6,546.926697,395.273285
99,-1,225.521164,547.40741
99,-1,55.980843,554.421448
99,4,2017.387207,693.808594
99,5,1124.030029,846.099121
99,-1,56.885166,988.119629
100,3,984.978455,229.298416
100,6,551.249573,394.579559
100,-1,229.800797,544.844604
100,-1,70.369492,554.647461
100,4,2021.329834,691.112488
100,5,1136.911987,845.860657
100,-1,63.937695,894.532715
100,-1,69.046509,979.418579
101,-1,73.375,53.48
101,3,984.248962,228.871292
101,6,552.141968,394.03241
101,-1,230.983841,543.493713
101,-1,77.777252,553.772522
101,4,2040.49707,692.489441
101,5,1144.30481,845.372803
101,-1,71.044754,903.173828
101,-1,77.055717,970.304993
101,-1,3073.501709,985.276428
102,3,984.693054,228.691666
102,6,555.987976,392.825836
102,-1,231.899643,542.643372
102,4,2059.581787,694.94165
102,5,1151.647949,845.101318
102,-1,78.964409,920.291626
103,3,985.680359,229.633438
103,6,563.814758,390.911469
103,-1,228.357803,535.86792
103,4,2077.939941,692.117493
103,5,1161.026123,842.565369
103,-1,71.871284,906.26532
104,3,987.670593,231.418915
104,6,567.305908,389.965454
104,-1,222.919907,522.176208
104,4,2083.770752,691.740723
104,5,1161.348877,842.706421
104,-1,70.419212,904.436707
104,-1,3071.575439,985.874207
105,3,993.526733,233.598938
105,6,561.866516,390.425903
105,-1,226.051285,520.932922
105,4,2081.211426,687.213257
105,5,1168.578125,841.840698
105,-1,69.021141,903.545471
105,-1,3072.084961,985.660583
106,-1,957.389099,212.458176
106,3,994.296753,233.399994
106,6,579.487427,386.386932
106,-1,540.018433,393.745392
106,-1,225.515457,519.657715
106,4,2082.809814,688.073547
106,5,1176.898315,840.409851
106,-1,71.670425,905.584656
106,-1,3073.906738,986.007141
107,-1,960.761658,214.356171
107,3,995.029907,233.713669
107,6,582.296509,386.479645
107,-1,539.273254,393.29129
107,-1,228.139435,521.065735
107,4,2084.621826,690.339722
107,5,1185.256226,840.009399
107,-1,69.175438,903.675415
107,-1,3075.260254,986.269409
108,-1,961.213928,215.32338
108,3,992.713867,234.53688
108,6,585.507996,385.18399
108,-1,548.448547,391.235291
108,-1,228.134583,520.786926
108,4,2097.564453,694.196228
108,5,1193.571045,840.036194
108,-1,74.686363,907.902283
109,3,974.456848,224.170258
109,6,567.572998,387.224518
109,-1,223.395645,518.121521
109,4,2118.979004,692.366089
109,5,1212.017944,840.737793
110,-1,3127.342285,48.684444
110,3,976.786865,225.465927
110,6,568.391724,386.700531
110,-1,232.971313,522.531555
110,4,2142.444336,697.265808
110,5,1227.043945,842.056396
110,-1,3071.474121,986.063721
111,3,975.068848,224.088531
111,6,570.59436,385.831848
111,-1,232.879761,522.080139
111,4,2153.624023,695.732422
111,5,1240.119995,840.85199
111,-1,3071.791504,987.018982
112,3,975.609741,224.428101
112,-1,3.348739,237.743698
112,-1,3.664207,362.826569
112,6,571.406067,385.71759
112,-1,232.974518,521.513794
112,-1,4.830986,558.049316
112,4,2173.460205,693.317078
112,-1,6.11396,739.273499
112,5,1250.852295,839.620789
112,-1,3071.950928,986.96228
112,-1,8.665442,988.463257
113,-1,9.017361,50.045139
113,-1,144.394073,106.305084
113,3,979.257446,226.500595
113,-1,11.682243,239.551407
113,-1,11.969697,365.48053
113,6,574.547791,384.289398
113,-1,11.888,555.164001
113,4,2207.107178,697.195068
113,-1,15.324428,739.64502
113,5,1261.117676,837.996887
113,-1,3072.285156,987.083313
113,-1,18.173729,989.661011
114,-1,142.781158,105.455925
114,3,975.022339,224.005325
114,-1,21.702703,238.391891
114,-1,21.054794,365.380127
114,6,572.543457,384.544678
114,-1,163.640625,418.230469
114,-1,22.653847,555.012817
114,4,2216.157471,695.039856
114,-1,26.071112,738.151123
114,5,1271.391235,836.458801
114,-1,29.748919,987.969727
114,-1,3071.44043,986.353882
115,-1,141.101212,108.724693
115,3,977.629639,225.442123
115,-1,41.255905,237.503937
115,-1,40.721992,365.278015
115,6,574.181702,383.563416
115,-1,41.145039,554.961853
115,4,2217.189209,689.847229
115,-1,43.777004,736.087097
115,5,1280.339233,834.682373
115,-1,47.5,987.368408
116,-1,142.267334,110.633667
116,3,975.733398,224.410065
116,-1,47.840183,239.127853
116,-1,47.860466,364.038757
116,6,572.842896,383.479492
116,-1,48.220882,554.582336
116,4,2221.145264,689.481018
116,-1,51.45673,736.817322
116,5,1296.642822,833.583313
116,-1,77.619934,909.694702
116,-1,61.976433,983.020203
116,-1,3071.296387,986.063232
117,-1,140.591553,110.295776
117,3,976.924255,225.199783
117,-1,54.702042,232.661224
117,6,573.713928,382.895752
117,-1,223.479996,518.98999
117,-1,54.852001,554.807983
117,4,2224.834961,690.295776
117,-1,58.614635,734.063416
117,5,1307.603271,831.209839
117,-1,70.488373,906.569763
117,-1,3071.458984,986.347839
118,-1,141.095245,110.409523
118,3,975.546265,224.358002
118,-1,55.424999,230.696869
118,-1,54.880951,357.420624
118,6,572.313721,383.037384
118,-1,222.975723,518.567932
118,-1,54.130436,558.989136
118,4,2228.946045,691.718506
118,-1,58.01852,732.270386
118,5,1317.647095,830.269897
118,-1,76.071915,962.375
118,-1,3071.506592,986.113525
119,-1,141.025452,107.178185
119,3,974.890747,223.949585
119,-1,55.25359,235.100479
119,-1,54.638783,357.357422
119,6,573.333313,382.446381
119,-1,54.794575,554.368225
119,4,2237.216309,693.991943
119,5,1323.980103,829.798279
120,-1,141.966782,107.375412
120,3,974.467163,223.604797
120,-1,55.46154,359.519226
120,6,572.099915,382.888641
120,-1,55.076614,554.407288
120,4,2242.077881,693.520325
120,5,1334.753906,828.157043
120,-1,60.992538,982.343262
120,-1,3071.384277,985.30542
121,-1,140.601944,110.412621
121,3,975.398926,224.142853
121,-1,54.525364,233.181152
121,-1,55.065041,356.983734
121,6,573.956726,381.728668
121,-1,159.190002,416.200012
121,-1,54.889797,554.68573
121,4,2239.272461,687.450378
121,5,1341.178589,827.197754
121,-1,61.213593,984.567932
121,-1,3071.506348,986.32489
122,-1,140.754898,108.17157
122,3,974.972961,223.890808
122,-1,55.559185,232.616333
122,-1,54.896103,357.424255
122,6,577.038208,380.498077
122,-1,222.190048,527.20813
122,-1,54.457535,558.972595
122,4,2243.763428,689.968628
122,5,1348.603394,826.093445
122,-1,3071.419922,986.641479
123,-1,140.659256,105.377777
123,3,976.068848,224.629028
123,-1,53.164597,231.145966
123,-1,54.612167,358.342194
123,6,574.178467,381.416779
123,-1,222.497635,527.796204
123,-1,54.722008,554.830139
123,4,2247.011475,689.981628
123,-1,57.801842,732.714294
123,5,1347.557251,824.901611
124,-1,141.620346,106.796608
124,3,976.341797,224.703415
124,-1,54.4585,233.391312
124,6,571.138977,382.278992
124,-1,54.792,554.59198
124,4,2251.995605,691.079285
124,-1,58.685001,734.030029
124,5,1350.780029,823.81665
124,-1,3071.072754,985.873779
125,-1,141.942673,107.366241
125,3,974.084656,223.55661
125,-1,56.136585,234.336578
125,-1,54.089607,357.358429
125,6,574.800964,380.989075
125,-1,53.967567,559.443237
125,4,2252.405762,688.710327
125,-1,58.83654,731.927856
125,5,1353.703369,823.07312
125,-1,61.019684,981.110229
125,-1,3071.726562,986.510193
126,3,976.051758,224.595474
126,-1,55.197247,234.550461
126,-1,54.640152,355.746216
126,6,574.445251,380.732849
126,-1,224.067627,529.362305
126,-1,54.771999,554.44397
126,4,2258.636719,692.12731900000006
126,-1,58.915928,731.752197
126,5,1359.243164,822.233887
126,-1,61.099617,980.724121
126,-1,3071.491943,985.789673
127,-1,140.62114,109.004402
127,3,975.108093,223.948105
127,-1,54.491871,233.020325
127,-1,54.652172,356.815216
127,6,574.80365,380.749084
127,-1,54.396763,554.48584
127,4,2258.09082,689.734924
127,-1,58.540001,734.38501
127,5,1362.047241,821.748291
127,-1,3071.714355,985.727295
128,3,974.636292,223.932907
128,-1,54.823528,233.004196
128,-1,54.900734,357.430145
128,6,573.695374,381.141663
128,-1,177.669769,428.548828
128,-1,224.533661,529.649048
128,-1,54.375969,554.453491
128,4,2262.655518,690.998962
128,-1,58.038136,731.792358
128,5,1365.166992,821.496216
128,-1,3070.991455,986.320679
129,-1,142.190079,110.272728
129,3,975.727478,224.266098
129,-1,54.756363,231.621811
129,-1,54.465347,355.369629
129,6,575.641235,380.243622
129,-1,55.007843,554.482361
129,4,2272.492432,695.432129
129,5,1367.080566,820.775024
130,-1,141.200912,110.045662
130,3,975.682983,224.633987
130,-1,54.167248,231.808365
130,-1,54.886364,357.6091
130,6,573.699463,380.776276
130,-1,225.027527,530.10553
130,-1,54.106102,559.533142
130,4,2287.803711,694.873596
130,-1,58.350876,732.184204
130,5,1368.540405,820.632874
130,-1,3070.612549,984.952148
131,-1,141.596603,106.800003
131,3,976.263245,224.786499
131,-1,55.178425,233.17012
131,6,572.281921,381.445068
131,-1,225.54129,529.963318
131,-1,53.238342,559.58551
131,4,2291.684326,690.957886
131,5,1378.672485,819.651062
131,-1,61.218254,979.91272
131,-1,3070.5896,986.567688
132,-1,140.869415,107.422684
132,3,974.894592,224.012787
132,-1,54.040676,232.362717
132,6,575.352539,380.023987
132,-1,227.403427,530.429199
132,-1,54.701885,554.890564
132,4,2307.253662,692.520264
132,-1,57.645668,731.937012
132,5,1378.778564,819.763977
132,-1,3070.810547,985.436096
133,3,975.684387,224.35791
133,-1,54.761364,232.689392
133,6,573.15564,380.803711
133,-1,168.576752,391.595337
133,-1,54.836502,554.55896
133,4,2335.545166,693.219604
133,-1,81.972145,701.75769
133,5,1385.771973,818.598572
133,-1,61.84362,981.707825
133,-1,3070.039062,985.817383
134,-1,141.468185,109.422729
134,3,976.600464,224.937439
134,-1,55.100842,233.264709
134,-1,55.310501,359.23288
134,6,574.988281,380.023407
134,-1,158.829346,416.245514
134,-1,225.862564,530.50708
134,-1,54.885715,554.42041
134,4,2379.939209,698.930969
134,-1,69.084869,707.761963
134,5,1399.80249,817.231079
134,-1,3070.491455,985.730774
135,-1,140.764496,105.79348
135,3,975.412659,224.127365
135,-1,53.753788,233.40152
135,-1,54.486275,358.082367
135,6,573.955383,380.367279
135,-1,54.8549,554.525513
135,4,2398.977783,705.581177
135,-1,66.101036,714.369141
135,5,1405.180908,816.877441
135,-1,3071.128662,984.447632
136,-1,140.33725,105.665688
136,3,975.144714,223.845566
136,-1,54.822395,232.36293
136,-1,54.696201,357.932495
136,6,575.989197,379.773376
136,-1,226.326736,530.797058
136,-1,53.782486,559.220337
136,4,2409.521484,705.071838
136,-1,65.844772,718.604492
136,5,1409.304688,816.522644
136,-1,3070.444336,985.333313
137,-1,140.75708,108.186234
137,3,977.121216,224.958481
137,-1,54.472,233.119995
137,-1,55.286884,357.610657
137,6,574.866516,380.077271
137,-1,54.92218,554.431885
137,-1,75.37719,662.175415
137,4,2406.564453,699.960388
137,-1,64.64344,729.33197
137,5,1414.224365,816.253113
137,-1,61.64151,984.44342
137,-1,3070.473633,985.271912
138,-1,3053.466064,47.838345
138,-1,143.142853,108.490349
138,3,976.935791,225.141754
138,-1,54.807842,232.650986
138,-1,54.354385,356.385956
138,6,575.799255,379.627747
138,-1,54.299595,554.3927
138,-1,75.338371,660.583069
138,4,2408.493164,700.391174
138,-1,64.181549,717.636902
138,5,1418.579346,816.555786
138,-1,61.289474,980.684204
138,-1,3070.300049,985.536377
139,-1,3045.527832,49.90873
139,-1,140.72728,104.78788
139,3,975.678833,224.143494
139,-1,55.799999,234.521957
139,-1,55.036037,356.680176
139,6,574.582825,380.095184
139,-1,54.39394,554.382568
139,-1,76.206612,662.154297
139,4,2405.724609,696.704773
139,-1,65.170456,717.333313
139,5,1418.255005,816.978821
139,-1,3070.794678,984.928589
140,-1,3042.060303,49.509434
140,-1,140.472977,109.900902
140,3,974.015076,223.4617
140,-1,54.965385,231.784622
140,-1,54.866413,357.041992
140,6,577.221924,379.078552
140,-1,53.525002,559.383362
140,-1,74.52597,660.412354
140,4,2405.120605,696.06543
140,5,1420.077881,816.975708
140,-1,3070.642822,985.941956
141,-1,3035.150391,48.046822
141,-1,141.24176,109.553116
141,3,976.992249,225.155975
141,-1,54.231316,232.679718
141,-1,54.642277,356.560974
141,6,576.675049,379.203094
141,-1,54.375999,554.575989
141,-1,77.129173,666.487732
141,5,1417.427734,818.233765
141,-1,61.530174,981.504333
142,-1,3034.150879,51.405766
142,-1,141.137924,105.557472
142,3,978.200012,225.737579
142,-1,55.44186,234.511627
142,-1,56.119999,359.11499
142,6,576.690918,379.363953
142,-1,54.59127,554.698425
142,-1,75.015266,710.011475
142,5,1426.211304,822.37384
142,7,3047.235352,979.568604
143,-1,3027.210449,46.077671
143,-1,141.080917,106.968208
143,3,976.295776,224.69426
143,-1,55.311626,234.330231
143,-1,55.541061,358.917877
143,6,573.956543,380.440002
143,-1,55.007843,554.588257
143,8,2340.638428,700.97168
143,-1,60.717949,736.219788
143,5,1419.305664,831.518494
143,-1,61.125523,981.552307
143,7,3039.842041,982.85614
144,-1,3026.300049,45.50909
144,-1,139.924393,106.027489
144,3,977.632507,225.584763
144,-1,55.061985,232.330582
144,-1,55.048782,357.642273
144,6,577.931763,378.777924
144,-1,173.080185,404.52359
144,-1,54.488373,554.461243
144,8,2338.92334,699.460388
144,5,1419.065308,830.870544
144,7,3035.381836,983.094543
145,-1,140.696976,105.387207
145,3,974.560791,223.630066
145,-1,54.507999,232.608002
145,-1,55.208511,355.910645
145,6,575.51123,379.628113
145,-1,53.490356,559.559204
145,8,2339.588135,696.656372
145,-1,58.504238,731.572021
145,5,1418.27478,830.805664
145,7,3029.34375,984.359375
146,-1,140.38591,106.250702
146,3,979.816162,227.123779
146,-1,54.719666,232.175735
146,6,574.83429,380.171448
146,-1,54.25,554.503967
146,8,2339.213379,695.449524
146,-1,57.68148,731.925903
146,5,1416.826782,829.328735
146,-1,62.03846,983.754822
146,7,3027.160889,984.799988
147,-1,3064.594482,45.709679
147,-1,139.96875,106.065628
147,3,975.78363,224.293991
147,-1,54.298893,233.221405
147,-1,55.481308,357.392517
147,6,578.610474,378.436951
147,-1,54.282787,554.66803
147,8,2339.013184,695.805664
147,-1,58.534313,734.789246
147,5,1417.562622,831.327271
147,7,3024.155518,985.739502
148,-1,3080.261963,43.776192
148,-1,139.386993,104.736298
148,3,975.481567,224.441437
148,-1,55.408867,234.709366
148,-1,55.932205,358.754242
148,6,574.301697,380.306213
148,-1,54.010666,559.237305
148,8,2323.581543,695.68866
148,-1,57.615078,732.718262
148,5,1417.671143,837.445801
148,-1,84.960243,938.079529
148,7,3023.770996,984.21283
149,-1,139.785263,106.057693
149,3,976.432983,224.951279
149,-1,54.771999,233.016006
149,-1,54.550724,356.594208
149,6,572.590881,381.034637
149,-1,178.188675,432.20755
149,-1,53.804878,559.458008
149,8,2299.215332,694.094604
149,-1,57.637066,732.034729
149,5,1426.743408,837.473572
149,-1,84.942619,943.898926
149,7,3023.436523,985.123108
150,-1,141.442307,109.197113
150,3,976.04248,224.704788
150,-1,54.954372,232.802277
150,-1,54.609318,356.154114
150,6,576.765747,379.451843
150,-1,158.082962,416.340607
150,-1,223.785385,528.712341
150,-1,54.856556,554.614746
150,8,2272.533936,693.478943
150,5,1431.333374,831.602295
150,-1,71.150841,974.991638
150,-1,62.537815,963.718506
150,7,3022.996582,985.597961
151,-1,141.578949,109.220093
151,3,976.433472,224.579758
151,-1,55.324326,234.545044
151,-1,55.129463,359.133942
151,6,574.758789,380.146088
151,-1,224.431274,524.971558
151,-1,54.90551,554.547241
151,8,2279.986328,688.506409
151,-1,58.888447,731.362549
151,5,1433.473633,828.634155
151,-1,79.019997,913.31427
151,7,3023.062256,985.147888
152,-1,139.104767,105.895241
152,3,976.39386,224.873489
152,-1,54.355556,232.46666
152,-1,54.65992,357.441284
152,6,576.50824,379.39151
152,-1,54.228916,554.694763
152,8,2256.550781,695.140381
152,-1,58.603848,731.711548
152,5,1435.12793,825.612976
152,-1,81.032036,918.803223
152,7,3022.858154,984.485046
153,-1,3241.135498,45.7757
153,-1,139.977676,109.9375
153,3,973.820984,223.285858
153,-1,54.586208,232.494247
153,-1,54.80909,359.786377
153,6,574.973511,380.230408
153,-1,55.100388,554.59845
153,8,2243.915039,691.879333
153,-1,58.281746,731.607117
153,5,1436.47937,826.623962
153,-1,84.00251,927.320801
153,7,3022.938477,984.840576
154,-1,142.05426,108.589149
154,3,975.504822,224.280212
154,-1,55.20158,232.454544
154,-1,54.691666,356.962494
154,6,576.157349,379.55011
154,-1,54.958332,554.742432
154,8,2233.752686,692.230225
154,-1,58.639004,731.887939
154,5,1439.748413,832.219177
154,-1,85.440636,935.482849
154,7,3022.777344,984.56604
155,-1,139.816895,107.313377
155,3,976.125122,224.414581
155,-1,54.840466,232.696503
155,-1,54.822117,359.370178
155,6,575.424316,380.141449
155,-1,54.07336,554.745178
155,8,2232.169189,689.98761
155,5,1441.394287,834.193115
155,-1,85.714668,935.978638
155,7,3022.814209,984.776978
156,-1,140.637634,108.85714
156,3,976.247192,224.640305
156,-1,52.53846,237.529907
156,-1,52.236362,358.967285
156,6,576.239136,379.862701
156,-1,51.251881,554.394714
156,8,2232.105713,685.218811
156,5,1450.784302,840.402893
156,-1,86.842491,938.505493
156,7,3022.885498,985.030273
157,-1,140.784683,109.746414
157,3,976.573303,224.922821
157,-1,44.698631,237.739731
157,-1,43.501804,362.003601
157,6,577.812988,378.9841
157,-1,44.045643,554.643127
157,8,2233.208496,684.127014
157,-1,46.913044,736.273926
157,5,1454.750488,840.219604
157,7,3022.366455,983.690857
158,-1,142.461533,110.07692
158,3,974.811401,223.926727
158,-1,35.265217,238.808701
158,-1,34.271606,364.753082
158,6,575.184082,380.043762
158,-1,34.883457,554.597717
158,8,2228.265137,684.826111
158,5,1458.674072,839.270508
158,-1,86.122925,934.916931
158,7,3022.791016,984.074646
159,-1,12.643518,53.865742
159,-1,142.492004,107.652
159,3,977.893921,225.65802
159,-1,11.986957,238.869568
159,-1,12.68254,364.496033
159,6,576.125305,379.708832
159,-1,246.484909,548.83905
159,-1,12.884297,555.330566
159,8,2227.719971,682.71991
159,-1,14.252918,739.533081
159,-1,1448.127563,828.110901
159,5,1490.739136,856.059753
159,-1,85.682999,932.979797
159,-1,17.192858,956.978577
159,7,3022.137207,984.642578
160,-1,5.730897,49.568108
160,3,976.13678,224.827133
160,-1,5.837349,239.759033
160,-1,6.227811,365.316559
160,6,575.04126,380.315002
160,-1,244.523132,547.935608
160,-1,6.428161,558.810364
160,8,2227.141602,682.262878
160,-1,7.701342,738.845642
160,-1,1445.406128,825.475525
160,5,1489.463501,854.609619
160,-1,85.492149,935.193726
160,7,3022.32959,984.095764
161,3,978.684021,226.372787
161,6,576.907471,379.141937
161,-1,238.351501,552.806519
161,8,2225.79541,678.820251
161,-1,1434.319946,816.723633
161,5,1485.713379,854.652344
161,-1,85.583572,935.91217
161,7,3022.528564,984.342834
161,-1,27.373205,986.569397
162,3,976.706299,225.303024
162,6,576.714478,379.394104
162,-1,244.510574,546.351196
162,8,2217.082275,693.536804
162,-1,85.442253,934.183105
162,7,3022.737061,984.45929
162,-1,27.738533,986.426636
163,3,975.242432,224.738235
163,6,574.795105,380.581177
163,-1,235.698151,551.359436
163,8,2227.312988,687.677551
163,9,1451.913208,852.463135
163,-1,85.517517,934.485168
163,7,3022.428467,984.504211
164,3,974.926025,224.52179
164,6,574.221313,381.885284
164,-1,242.619644,544.890625
164,8,2236.522461,683.361511
164,9,1440.80957,852.847107
164,-1,85.166237,934.140686
164,7,3022.580078,983.83551
164,-1,26.816832,986.633667
165,-1,3023.504639,64.811142
165,3,963.596863,216.883392
165,-1,994.962646,235.22406
165,6,595.901245,372.817291
165,-1,558.730286,387.230316
165,-1,240.436844,544.119324
165,8,2236.923096,678.436157
165,9,1443.33606,846.639221
165,-1,85.77562,933.623291
165,7,3021.178223,984.012146
166,-1,3019.076904,59.85207
166,3,958.160217,213.525223
166,-1,995.534302,233.54512
166,6,590.794434,373.918121
166,-1,543.258545,393.663422
166,-1,234.173462,539.646912
166,-1,2233.959229,670.865906
166,8,2252.67334,700.793701
166,9,1434.229492,854.147339
166,-1,85.581772,934.211792
166,7,3021.432373,983.648621
167,3,957.979919,212.979935
167,-1,995.629272,232.568024
167,6,590.52124,374.029419
167,-1,230.8396,531.556458
167,-1,2232.165527,672.588257
167,8,2254.648193,702.088623
167,9,1425.510742,855.234985
167,-1,86.03582,934.14624
167,7,3021.261963,983.327515
168,3,990.186218,231.947372
168,6,588.963196,375.351227
168,-1,233.448898,519.156311
168,8,2251.337646,699.83374
168,9,1408.71936,850.465942
168,-1,85.654068,932.279053
169,-1,3012.848877,50.868294
169,3,987.573975,230.889069
169,6,588.303955,375.69162
169,-1,231.286301,518.599182
169,8,2252.544678,686.650208
169,9,1391.005615,855.013916
169,-1,85.668526,933.43457
169,-1,27.385366,986.941467
170,-1,3010.193359,59.751534
170,3,986.41803,230.171341
170,6,586.634399,376.238739
170,-1,225.490906,532.236389
170,8,2245.941406,678.345398
170,9,1381.096436,855.225891
170,-1,84.93647,936.291748
170,-1,3022.40625,983.075867
170,-1,27.444445,986.478271
171,3,984.657532,228.42923
171,6,587.488159,375.844666
171,-1,233.178436,539.799988
171,8,2238.190674,670.203064
171,9,1372.467773,856.96637
172,-1,3002.415039,57.721447
172,3,983.737488,228.520828
172,6,586.13324,376.266479
172,-1,236.522766,543.051025
172,-1,86.724136,557.823303
172,8,2237.91748,671.502258
172,9,1365.473633,856.45080599999994
172,-1,87.539474,952.552612
172,-1,27.495327,986.738342
173,3,983.381592,228.283554
173,6,587.054871,375.897339
173,-1,234.556549,541.40033
173,-1,75.923729,554.080505
173,8,2237.407959,675.605347
173,9,1356.997681,855.49768099999994
173,-1,3019.3396,983.26886
174,3,984.385254,229.002838
174,6,587.359924,375.593628
174,-1,228.332535,543.650818
174,-1,67.667793,554.430481
174,8,2239.138672,689.440308
174,9,1346.418945,856.503723
174,-1,3018.122559,981.865601
174,-1,26.980488,986.682922
175,3,983.713074,228.112518
175,6,587.823608,375.683105
175,-1,224.140533,546.251343
175,-1,54.163933,554.737732
175,8,2240.009521,691.507446
175,9,1338.862549,856.304138
175,-1,3019.820557,983.368591
175,-1,27.521931,986.048218
176,3,983.75885,228.599457
176,-1,40.22477,237.68808
176,-1,41.199135,365.095245
176,6,587.628174,375.442261
176,-1,249.46312,525.741821
176,-1,222.802948,545.161743
176,-1,41.975609,554.593506
176,8,2241.194824,695.406433
176,-1,43.356556,738.377075
176,9,1333.980347,852.573486
176,-1,3020.61792,982.943115
176,-1,34.677418,987.156311
177,-1,2993.299316,68.338028
177,-1,145.614716,105.64502
177,3,983.886536,229.069427
177,-1,30.693182,365.064392
177,6,588.832336,375.646332
177,-1,247.415695,525.587219
177,-1,220.807877,547.339905
177,-1,32.358974,554.816223
177,8,2240.761719,696.181946
177,-1,33.487602,739.47106900000006
177,9,1318.562134,855.632446
177,-1,3240.4375,898.370178
177,-1,30.84985,987.408386
177,-1,3019.61499,982.305542
178,-1,2981.446289,58.31818
178,-1,147.35643,105.683167
178,3,984.002869,228.269608
178,-1,20.356436,238.698013
178,-1,21.05862,364.958618
178,6,586.959839,375.556549
178,-1,249.561798,524.898865
178,-1,22.779116,555.120483
178,-1,22.264317,738.938354
178,9,1313.905762,854.010864
178,-1,3240.265869,898.297302
178,-1,24.961538,989.469238
179,-1,2976.766602,53.385216
179,3,984.720947,229.497086
179,-1,13.148149,365.458344
179,6,585.818359,375.865784
179,-1,251.031464,523.966309
179,-1,12.084906,554.858521
179,-1,2189.027344,671.207275
179,-1,13.882927,739.263428
179,9,1300.197998,854.969177
179,-1,3239.947998,897.20282
179,-1,3018.866943,981.901489
180,-1,3239.494141,44.552124
180,-1,2974.760254,52.616238
180,-1,142.839859,106.60498
180,3,981.875366,230.863083
180,6,587.489807,375.6987
180,-1,249.240433,525.751038
180,-1,218.536224,547.989136
180,-1,2157.078369,674.781067
180,9,1290.64624,856.362427
180,-1,3240.031738,898.458496
181,-1,3238.692383,45.62426
181,-1,2977.078125,54.965988
181,-1,143.525177,107.241005
181,-1,3242.570801,247.341461
181,3,976.129761,244.36386100000001
181,6,590.809753,373.324829
181,-1,235.943451,534.45929
181,-1,3242.69165,531.819397
181,-1,2153.845459,675.772339
181,-1,2125.37793,682.320251
181,9,1275.846436,856.364014
181,-1,3239.733643,898.081055
182,-1,3237.721436,41.893131
182,-1,2968.407471,48.637859
182,-1,142.199997,106.042854
182,3,977.207031,248.015625
182,6,595.279541,373.501434
182,-1,237.143982,532.972229
182,-1,2121.900146,685.301086
182,9,1264.9552,857.178955
182,-1,3239.52832,898.218872
182,-1,3019.893799,982.561951
183,-1,3238.836914,44.118057
183,-1,2967.52002,50.25
183,-1,138.871719,103.01458
183,-1,3242.816406,249.043472
183,3,981.508484,253.610168
183,6,591.603394,374.575684
183,-1,238.180145,532.290771
183,-1,3242.941162,532.651978
183,-1,2101.294678,694.355042
183,9,1254.079346,856.189453
183,-1,3239.450928,898.979492
184,-1,3237.24292,46.58757
184,-1,2969.430176,48.505375
184,-1,141.627808,109.493271
184,3,982.671326,247.765533
184,-1,3242.280273,251.801926
184,6,585.094299,377.17215
184,-1,237.503555,533.533447
184,-1,2062.213135,702.216003
184,-1,3240.857178,783.523804
184,9,1236.26709,856.329041
184,-1,3239.535889,898.456604
185,-1,2975.916748,51.308788
185,-1,140.63913,109.169563
185,3,982.448425,243.678619
185,6,580.511597,379.071869
185,-1,238.402893,532.181152
185,-1,2036.610962,700.414978
185,9,1217.665894,856.430481
185,-1,3239.692383,897.892334
185,-1,3018.641357,982.641357
186,-1,3238.617188,45.827892
186,-1,2978.071777,46.382469
186,-1,142.231583,107.014038
186,3,980.679016,239.287659
186,6,576.803711,380.599792
186,-1,241.39267,530.866821
186,-1,2022.042236,698.5
186,9,1207.7052,855.476685
186,-1,3239.830811,897.814941
186,-1,3018.038818,983.540649
187,-1,3237.743164,42.163425
187,-1,2991.891113,48.665859
187,-1,140.361023,107.402557
187,3,980.494019,239.136032
187,6,579.33136,379.546326
187,-1,240.842911,533.293152
187,-1,1992.599243,699.489868
187,9,1193.616089,856.81781
187,-1,3239.960205,897.371704
187,-1,3016.491211,985
188,-1,3238.470459,46.53846
188,-1,141.502319,109.599998
188,3,980.84137,240.747589
188,6,578.129761,379.921204
188,-1,242.830078,533.892761
188,-1,92.580185,560.73584
188,-1,1971.407349,701.629639
188,9,1180.306763,856.345459
188,-1,3239.74707,898.544739
189,-1,3236.848877,42.144329
189,-1,76.818535,45.710426
189,-1,2998.435303,41.560783
189,-1,137.756012,105.594505
189,3,980.462219,239.377579
189,6,579.94104,379.362396
189,-1,236.321274,550.099548
189,-1,78.511513,560.135559
189,-1,82.626869,705.855713
189,9,1154.042603,855.76062
189,-1,3239.363281,899.058289
189,10,3023.625977,983.562988
190,-1,2999.831787,41.834808
190,-1,3239.805908,43.131069
190,-1,75.291664,52.333332
190,-1,141.486191,106.085632
190,3,981.998779,242.514999
190,-1,70.490387,346.990387
190,6,579.516968,379.604675
190,-1,74.760002,554.588257
190,-1,234.037506,561.829163
190,-1,72.634453,723.520996
190,9,1135.242065,856.025452
190,-1,3240.106689,898.448914
190,-1,83.130188,933.105652
190,10,3021.438477,983.380798
191,-1,3004.493408,42.402596
191,3,981.227051,240.224701
191,-1,57.78355,234.363632
191,-1,57.754719,359.01886
191,6,583.563538,377.942322
191,-1,57.481884,554.318848
191,-1,1946.769531,704.13830599999994
191,9,1116.252197,857.012024
191,-1,85.681351,933.963745
191,10,3021.764404,982.779907
192,-1,3004.491211,42.36237
192,-1,139.786789,106.684685
192,3,982.062195,242.850754
192,-1,43.310345,237.94397
192,-1,42.18959,364.840149
192,6,580.127014,379.238098
192,-1,42.51984,554.603149
192,-1,235.260498,563.084045
192,-1,1946.541016,703.429077
192,-1,44.635555,737.875549
192,9,1095.05603,858.041016
192,-1,85.223755,931.685059
192,10,3021.808594,982.795654
193,-1,3006.300049,50.493477
193,-1,143.614349,109.542603
193,3,982.486206,243.622803
193,-1,32.363228,238.53363
193,-1,30.875433,364.567474
193,6,579.490112,379.698029
193,-1,31.53252,554.890259
193,-1,232.201645,561.460876
193,-1,1943.079468,705.061157
193,-1,34.068085,740.191467
193,9,1081.515625,857.07666
193,-1,85.262535,930.221252
193,10,3021.724609,983.01886
194,-1,3029.205811,51.936275
194,3,980.980408,240.675644
194,-1,20.658768,237.62085
194,-1,20.052238,365.570892
194,6,578.762878,379.84079
194,-1,177.179688,429.882812
194,-1,228.711014,557.261475
194,-1,20.715481,555.251038
194,-1,22.75102,739.751038
194,9,1069.28064,855.739136
194,-1,85.375,932.244202
194,10,3021.680664,983.790894
195,-1,3063.702637,47.254646
195,-1,10.195946,50.334461
195,-1,146.352493,108.287354
195,3,973.203003,236.370407
195,-1,11.407725,239.467804
195,-1,11.07173,365.05484
195,6,576.686035,380.677094
195,-1,176.247742,421.765778
195,-1,241.513412,541.973206
195,-1,11.583691,555.390564
195,-1,12.729613,740.1073
195,9,1059.894897,856.196594
195,-1,85.261971,931.67041
195,10,3021.438965,983.366882
196,-1,3071.445557,47.504349
196,-1,146.176208,107.26432
196,3,961.16156,237.039322
196,6,576.71698,380.60141
196,-1,229.19198600000001,527.248962
196,-1,1866.263184,704.862366
196,-1,4.399381,737.67804
196,9,1048.003296,854.887024
196,-1,85.303619,930.977722
196,-1,4.065421,988.090332
196,10,3021.09668,977.693298
197,3,953.282837,236.655136
197,6,578.393372,379.754791
197,-1,229.332169,520.852173
197,-1,1846.709961,705.767151
197,9,1038.411255,853.676025
197,-1,85.715622,929.346863
197,10,3006.672119,975.733582
197,-1,30.533333,986.790466
198,3,949.380249,235.851715
198,6,579.101685,379.885468
198,-1,227.05455,516.263611
198,-1,1838.369751,704.842468
198,9,1028.880127,854.061401
198,-1,85.537788,932.857544
198,10,2995.378906,975.19696
199,3,943.854492,235.907578
199,-1,600.093872,372.310211
199,6,561.767639,386.27179
199,-1,219.128204,520.237183
199,-1,1832.989258,705.132629
199,-1,85.6875,930.574402
199,10,2992.412354,974.492676
200,-1,3064.935547,45.227722
200,3,938.409424,236.140137
200,-1,599.248474,372.878784
200,6,562.703796,386.035187
200,-1,226.23291,528.854675
200,11,978.071228,849.631592
200,-1,85.042442,932.106079
200,10,2991.019287,974.494202
200,-1,30.09465,986.905334
201,3,932.299683,236.094528
201,6,594.075745,373.698639
201,-1,228.199997,538.31488
201,-1,1832.681396,704.60675
201,11,947.230225,852.668335
201,-1,85.332428,932.354248
201,10,2989.524414,974.067444
201,-1,29.278481,986.556946
202,3,925.358215,236.323959
202,6,592.432129,374.55246
202,-1,231.29982,539.372437
202,-1,1837.112549,704.85791
202,11,933.676086,850.950684
202,-1,85.305717,929.940002
202,10,2988.678711,974.142334
203,-1,3028.225342,75.24762
203,3,919.626404,236.58287
203,6,591.460938,375.018738
203,-1,230.293655,536.753967
203,-1,1831.574951,705.392883
203,11,920.565002,850.630005
203,-1,85.475365,930.588379
203,10,2987.546875,973.878906
203,-1,30.828703,986.569458
204,-1,3030.289062,76.366264
204,3,914.412048,236.774139
204,6,590.815125,375.41629
204,-1,228.699234,534.325684
204,-1,1827.634277,706.410461
204,11,907.324768,850.048218
204,-1,85.036942,931.701843
204,10,2984.025879,974.987061
204,-1,30.424528,986.45752
205,-1,3023.621582,72.559845
205,3,907.719482,236.407791
205,6,590.483521,375.236725
205,-1,225.303024,533.510803
205,11,896.671265,851.083069
205,-1,84.494843,933.445862
205,10,2973.626465,975.058105
205,-1,30.079208,987.123779
206,-1,3020.299805,93.982964
206,3,905.415283,236.800659
206,6,590.050049,375.778259
206,-1,225.737167,531.620117
206,12,1712.826294,705
206,11,889.59845,850.470337
206,10,2967.702148,974.946655
207,-1,70.331818,53.554546
207,-1,2988.212158,84.501381
207,3,917.252502,236.147156
207,6,591.155212,374.899994
207,-1,224.934021,531.494873
207,-1,73.149307,554.333313
207,12,1667.906616,705.658386
207,11,875.406189,850.758362
207,10,2961.439697,974.569458
207,-1,29.784483,986.840515
208,-1,2971.589844,74.42025
208,3,916.606262,236.399612
208,6,590.737,375.319366
208,-1,219.773193,533.698425
208,-1,63.079849,554.479065
208,12,1653.70105,706.119812
208,11,871.154785,850.264893
208,10,2957.44873,974.512207
208,-1,32.154762,986.825378
209,-1,2953.995605,61.369099
209,3,918.789917,236.965973
209,6,591.137451,375.270477
209,-1,277.336456,509.785034
209,-1,218.714279,532.978455
209,-1,50.76543,554.374512
209,12,1647.644531,705.655823
209,11,867.184265,849.009033
209,10,2955.399902,974.835571
209,-1,40.424389,987.243896
210,-1,2945.613281,48.011719
210,-1,38.33173,238.134613
210,3,918.006531,236.84053
210,-1,38.47234,364.527649
210,6,589.736755,375.530884
210,-1,251.316238,520.766357
210,-1,216.08429,531.264343
210,-1,40.048584,554.902832
210,12,1644.492676,705.914734
210,-1,41.02,738.580017
210,11,861.379333,849.332275
210,10,2956.943848,974.55896
210,-1,35.176945,987.605896
211,-1,2942.981445,48.583027
211,-1,147.65625,104.223213
211,-1,27.009216,238.410141
211,3,907.327637,239.082977
211,-1,27.821053,366.533325
211,6,590.683838,375.394104
211,-1,256.255005,518.283691
211,-1,28.57769,554.824707
211,12,1641.690674,706.164246
211,-1,28.981735,741.045654
211,11,857.26709,848.976257
211,-1,3240.211426,898.65863
211,10,2955.162842,974.669189
211,-1,29.825443,987.541443
212,3,901.129639,237.662704
212,-1,17.555555,365.149414
212,6,588.122192,375.893555
212,-1,258.300873,520.190491
212,-1,17.643154,555.149353
212,-1,1647.811157,701.45105
212,12,1610.112183,706.526855
212,-1,18.302439,740.32196
212,11,852.066284,849.625977
212,-1,3239.968018,898.100464
212,10,2949.514648,974.814697
212,-1,22.768707,989.363953
213,-1,3239.108398,42.084908
213,-1,2952.887451,66.207794
213,-1,146.082092,106.055969
213,-1,8.404445,232.088882
213,3,886.648254,237.439667
213,-1,915.549438,238.846161
213,-1,9.009049,359.914032
213,6,588.399658,376.215179
213,-1,255.363251,521.480164
213,12,1588.817139,705.96814
213,-1,10.969697,734.909119
213,11,849.32135,851.391113
213,-1,3239.704102,897.607971
213,10,2940.608154,974.506104
214,-1,2940.200928,58.010571
214,-1,145.5746,108.206352
214,3,893.384033,238.568573
214,6,589.86499,375.605011
214,-1,177.215195,430.620239
214,-1,240.064957,524.497986
214,12,1565.407837,705.029602
214,11,837.685913,850.346741
214,-1,3239.695312,897.461914
214,10,2935.116455,976.373779
215,-1,3239.208984,41.418182
215,-1,2932.844482,51.833332
215,-1,143.321075,107.879601
215,3,887.515747,239.15184
215,6,593.726074,373.131775
215,-1,3242.790039,533.625
215,-1,238.4729,524.094849
215,12,1549.098511,704.233704
215,11,833.747314,849.250916
215,-1,3239.539795,898.031738
215,10,2929.788574,975.335571
216,-1,3235.770996,43.473682
216,-1,2935.18457,56.271805
216,-1,142.353912,106.971191
216,3,883.787903,238.910019
216,-1,3242.702881,250.762375
216,6,593.976135,374.650085
216,-1,241.962296,522.561462
216,12,1512.675537,702.266418
216,11,809.762207,855.802307
216,-1,3239.927979,897.5
216,10,2919.466064,974.916016
217,-1,3236.259766,42.639534
217,-1,2928.399902,53.870102
217,-1,142.202484,108.690086
217,3,878.96344,239.78891
217,-1,3242.605957,248.113297
217,6,591.835693,375.479034
217,-1,142.228577,409.542847
217,-1,238.204285,523.070007
217,12,1509.411255,700.805725
217,-1,3240.41748,825.600891
217,11,799.749329,855.267029
217,-1,3239.665283,897.314758
217,10,2916.709473,975.727539
218,-1,3237.630859,43.265232
218,-1,2911.468262,48.468151
218,-1,140.774414,106.599327
218,3,877.833313,239.98645
218,6,586.551025,377.587769
218,-1,150.304642,419.622528
218,-1,238.256378,524.509766
218,12,1498.959229,701.520386
218,11,786.426392,856.852783
218,-1,3239.855957,898.268494
218,10,2910.657471,975.495422
219,-1,3238.674805,44.316265
219,-1,141.287735,110.334908
219,3,872.156616,240.586533
219,-1,3242.310059,246.990005
219,6,580.662109,380.098633
219,-1,241.922455,523.281616
219,12,1479.366211,702.492554
219,11,770.782837,858.983887
219,-1,3239.57251,897.96283
219,10,2904.037598,974.442017
220,-1,3236.659424,42.823345
220,-1,2855.639893,47.292309
220,-1,141.294739,107.726318
220,-1,3242.207031,230.826187
220,3,868.726868,240.815033
220,6,580.644775,379.929657
220,-1,3242.9104,532.87738
220,-1,232.567902,527.047607
220,12,1467.046753,703.158325
220,-1,3240,786.686523
220,11,761.951843,858.322937
220,-1,3240.134521,897.860962
220,10,2899.87793,974.745789
221,-1,3238.280273,44.003117
221,-1,2841.855225,42.764309
221,-1,139.392487,104.382256
221,3,865.284668,240.820816
221,6,580.65802,379.976501
221,-1,241.843628,523.908081
221,-1,3242.450928,530.235291
221,12,1456.449097,703.0896
221,-1,3239.586426,785.907166
221,11,751.326416,857.664673
221,-1,3239.547363,898.527588
221,10,2897.371094,973.045959
222,-1,3239.307861,45.193649
222,-1,2830.952637,43.515747
222,-1,140.53978,105.258522
222,3,861.835815,241.569519
222,6,582.19281,379.410767
222,-1,3242.119141,529.925171
222,-1,233.142609,526.821716
222,-1,86.768456,561.996643
222,12,1452.930908,701.988159
222,11,741.914062,858.20575
222,-1,3239.800781,898.98468
222,10,2894.47876,974.599304
223,-1,3235.466309,41.27404
223,-1,76.960938,45.132812
223,-1,2818.337646,42.820175
223,-1,140.07608,107.31884
223,3,858.995605,242.03093
223,6,581.903381,379.711304
223,-1,237.867676,524.720276
223,-1,78.017632,560.123413
223,12,1448.524658,701.944519
223,11,731.783813,858.009827
223,-1,3239.480713,898.729614
223,10,2894.009277,973.296875
224,-1,75.318993,52.537636
224,-1,140.910492,106.993828
224,-1,70.36058,221.129807
224,3,855.077942,242.057632
224,-1,910.041138,237.572021
224,-1,70.955666,346.206909
224,6,581.114319,379.921204
224,-1,230.735855,529.94812
224,-1,74.814812,554.599976
224,12,1433.665405,704.022339
224,-1,71.821915,724.703186
224,11,722.571411,857.575867
224,-1,3240.228516,897.650879
224,-1,82.878433,932.109802
224,10,2893.275146,973.322144
225,-1,2799.809082,41.112122
225,-1,141.10527,110.179825
225,-1,59.004292,232.751068
225,3,846.664368,242.42923
225,-1,900.281494,239.676468
225,-1,59.117153,357.573212
225,6,580.953369,380.118866
225,-1,226.774689,540.666687
225,-1,58.470802,554.598511
225,-1,1435.756958,700.24585
225,12,1405.890625,707.10675
225,-1,62.266666,733.028564
225,11,711.863892,856.944458
225,-1,84.724815,933.164612
225,10,2892.882812,971.958862
226,-1,2790.857178,40.841946
226,-1,141.396317,110.31797
226,-1,47.140186,238.901871
226,3,842.739258,243.154434
226,-1,891.27124,239.846405
226,-1,45.862816,362.357391
226,6,581.457458,379.709412
226,-1,45.386101,554.768311
226,-1,1409.6073,701.809692
226,12,1384.033813,707.083313
226,-1,48.443039,736.223633
226,11,697.791687,857.79657
226,-1,85.662758,931.879761
226,10,2891.603271,972.146667
227,-1,2781.014893,41.774479
227,-1,36.443516,238.096237
227,-1,884.439087,239.77011100000001
227,3,836.759094,243.361313
227,-1,36.021008,364.810913
227,6,580.22113,380.418884
227,-1,36.383675,554.959167
227,-1,1394.378906,700.521729
227,12,1367.178589,706.387756
227,-1,39.547825,738.108704
227,11,686.989929,858.435791
227,-1,85.560745,929.221191
227,10,2892.242188,972.461121
228,-1,2768.081299,41.235466
228,-1,144.130798,108.181435
228,-1,25.253521,238.50235
228,-1,877.867676,240.23819
228,3,836.333313,243.9534
228,-1,25.689362,365.148926
228,6,580.549744,380.527374
228,-1,176.952209,426.591919
228,-1,25.595041,554.929749
228,-1,257.125,563.020813
228,12,1366.346313,704.474182
228,11,672.913391,858.005615
228,-1,85.33989,932.087097
228,10,2891.287109,972.201294
229,-1,2751.567627,40.809799
229,-1,8.368589,50.612179
229,-1,8.631945,239.4375
229,3,859.808472,242.439484
229,-1,9.132404,365.30661
229,6,583.419128,378.961456
229,-1,256.240082,550.958557
229,-1,8.927673,558.484253
229,12,1367.684326,702.531128
229,-1,11.621399,740.19342
229,11,652.454041,859.129333
229,-1,85.21067,932.567444
229,10,2889.921875,972.115662
230,-1,2741.503418,42.010204
230,-1,3.62963,237.503708
230,3,860.487549,242.438782
230,-1,3.914474,362.625
230,6,579.623535,380.613068
230,-1,250.399612,550.801208
230,-1,4.388889,557.091248
230,-1,1372.439941,701.272705
230,12,1340.658447,707.201477
230,-1,5.514745,739.351196
230,11,638.415222,858.119873
230,-1,83.451874,923.489319
230,-1,5.069069,984.120117
230,10,2889.447021,971.6828
231,-1,2731.862305,40.269665
231,-1,145.983475,103.26033
231,3,859.9198,242.051331
231,6,578.759583,380.977692
231,-1,243.903732,543.842834
231,12,1361.947876,703.397827
231,11,625.024597,857.532776
231,-1,62.295776,897.10705599999994
231,10,2888.459229,972.576538
231,-1,69.279999,974.919983
232,-1,2721.448242,41.086208
232,3,861.789917,242.04747
232,6,579.961853,380.555969
232,-1,239.037598,531.855286
232,-1,1365.2146,703.7854
232,12,1337.982666,707.343201
232,11,611.197998,858.026428
232,-1,58.932583,895.132019
232,-1,74.330383,969.306763
232,10,2885.640381,972.851257
233,-1,2703.127686,41.279312
233,3,855.193359,242.491989
233,6,602.891052,372.583344
233,-1,568.812927,385.764526
233,-1,237.613632,518.479309
233,12,1346.882324,706.242676
233,11,596.59375,857.957397
233,-1,60,895.879395
233,-1,72.712463,970.645386
234,-1,2692,40.917526
234,3,856.997803,242.488602
234,6,601.588684,373.048401
234,-1,560.280334,389.228333
234,-1,231.72641,520.512573
234,12,1345.989502,706.381409
234,11,588.306763,857.297546
234,-1,60.446098,895.899658
234,-1,72.997055,969.650024
235,-1,2681.175293,41.562042
235,3,858.2146,242.3573
235,6,596.479614,373.741486
235,-1,547.919617,394.763397
235,-1,236.418549,522.223999
235,12,1337.74707,707.630005
235,11,577.633423,858.138794
235,-1,59.877861,896.293884
235,-1,72.78299,969.870972
235,13,2898.200928,971.635681
236,-1,2659.367676,41.877453
236,3,861.592529,242.005035
236,6,593.546875,374.90625
236,-1,232.569321,528.212158
236,12,1338.125854,707.5448
236,11,557.816284,858.394592
236,-1,59.531498,895.858276
236,-1,74.157578,968.845459
236,13,2896.845703,971.906494
237,-1,2649.307617,42.470085
237,3,860.684082,241.973846
237,6,593.848999,374.487183
237,-1,231.899353,528.807251
237,12,1338.797607,707.075623
237,11,554.506897,857.418274
237,-1,60.411766,896.323547
237,-1,73.090912,970.319763
237,13,2896.868164,971.705505
238,-1,2638.662354,40.937084
238,3,865.62616,241.689713
238,6,593.586243,375.461975
238,-1,232.679413,529.254761
238,12,1336.214478,707.328064
238,11,549.394775,855.392456
238,-1,59.356556,895.938538
238,-1,76.754997,966.734985
238,13,2895.244873,971.922058
239,-1,2625.701904,41.584526
239,3,860.149536,242.167496
239,6,593.7948,375.312134
239,-1,230.451019,531.202026
239,-1,86.907173,556.78479
239,12,1338.678955,707.862854
239,11,544.721924,853.372803
239,-1,71.745201,900.530518
239,-1,77.490356,969.033081
239,13,2896.22998,972.030396
240,-1,2615.957031,42.934345
240,-1,69.425743,53.470299
240,3,854.22052,242.509918
240,6,594.853394,374.725311
240,-1,227.860886,531.627014
240,-1,72.562073,554.072388
240,12,1344.052002,707.554321
240,11,520.235657,855.667419
240,-1,64.467216,894.379761
240,-1,72.4011,976.12085
240,13,2895.554688,971.491272
241,-1,2609.791016,43.791088
241,3,849.225952,243.055786
241,6,594.776733,374.551941
241,-1,222.218567,534.158691
241,-1,59.0695,554.382263
241,12,1339.512939,709.233154
241,11,508.13739,856.754517
241,-1,61.906544,889.56543
241,13,2894.856445,971.538147
241,-1,60.682465,988.440735
242,-1,2612.80835,47.622181
242,-1,47.508129,237.825211
242,3,844.293274,243.422256
242,-1,47.871094,362.574219
242,6,593.039856,375.428558
242,-1,273.160004,507.959991
242,-1,220.910767,533.246155
242,-1,48.347107,554.264465
242,12,1336.90686,709.045349
242,11,498.061096,856.595032
242,13,2895.179199,971.281433
242,-1,51.407406,991.481506
243,-1,2601.762207,43.759418
243,-1,37.034653,237.66832
243,3,838.403748,244.208557
243,-1,37.964756,362.894287
243,6,594.072083,374.797546
243,-1,238.242523,524.648804
243,-1,40,554.479675
243,12,1340.618408,707.919189
243,-1,40.429184,738.193115
243,11,487.684692,857.671143
243,13,2889.144531,970.895386
244,-1,2597.724121,43.558441
244,-1,148.488983,105.929512
244,3,837.348999,243.885635
244,-1,26.959999,364.615997
244,6,592.03241,375.673035
244,-1,28.387501,554.983337
244,12,1336.964966,708.707947
244,11,475.540314,858.751648
244,-1,3240.341064,898.271057
244,13,2889.059082,970.317749
244,-1,30.77512,990.076538
245,-1,2595.118164,40.460064
245,3,835.718018,243.804504
245,-1,17.550608,365.461548
245,6,599.33728,372.84024
245,-1,257.266815,529.686768
245,-1,18.385651,554.923767
245,-1,19.391111,740.088867
245,11,465.798157,858.628418
245,-1,3240.298584,898.722961
245,13,2888.522217,970.787964
245,-1,21.611111,988.400024
246,-1,2592.386719,41.623692
246,-1,159.570053,98.671501
246,3,851.129761,242.472305
246,6,591.366577,375.610321
246,-1,216.912506,503.404175
246,-1,253.772125,528.24115
246,-1,1228.274048,706.084351
246,-1,11.542289,737.457703
246,11,455.633057,859.167358
246,-1,3239.564453,898.625
246,13,2887.187256,970.51593
247,-1,3238.702637,45.254902
247,-1,2597.463379,44.695034
247,-1,147.07576,105.872726
247,3,847.555115,242.704727
247,6,595.177368,374.564148
247,-1,238.891617,518.214172
247,-1,1210.070557,706.662842
247,11,448.230377,859.139221
247,-1,3239.643555,896.541687
247,13,2885.726562,970.138794
248,-1,2589.838623,40.003227
248,-1,3238.654297,42.786766
248,-1,143.008804,107.414101
248,-1,3242.50708,249.805695
248,3,850.036438,242.89238
248,6,600.848206,372.288696
248,-1,174.761505,414.288696
248,-1,216.434204,502.838806
248,-1,250.043564,525.893066
248,-1,1186.045044,706.77179
248,11,438.980865,857.806213
248,-1,3239.918457,898.032654
248,13,2885.085693,969.981995
249,-1,3239.049072,45.035088
249,-1,2601.098145,53.72794
249,-1,140.925613,107.314049
249,3,847.25116,242.703201
249,6,595.528687,374.748505
249,-1,150.235779,418.357727
249,-1,237.775436,517.992981
249,-1,3242.797363,530.963989
249,-1,1152.7771,706.749573
249,-1,3239.743164,784.382874
249,11,424.685669,858.508423
249,-1,3239.519775,898.734131
249,13,2893.698975,972.323547
